class_name,precision,recall,f1_score,support
Healthy_Soyabean,0.96,0.8571428571428571,0.9056603773584906,56
Soyabean Semilooper_Pest_Attack,0.954248366013072,0.9240506329113924,0.9389067524115756,158
Soyabean_Mosaic,0.8192771084337349,0.8774193548387097,0.8473520249221184,155
rust,0.9,0.9,0.9,200
