{
  "test_loss": 0.5787017822265625,
  "test_accuracy": 87.87878787878788,
  "classification_report": {
    "Healthy_Soyabean": {
      "precision": 0.8,
      "recall": 0.8,
      "f1-score": 0.8,
      "support": 10.0
    },
    "Soyabean Semilooper_Pest_Attack": {
      "precision": 0.75,
      "recall": 1.0,
      "f1-score": 0.8571428571428571,
      "support": 6.0
    },
    "Soyabean_Mosaic": {
      "precision": 1.0,
      "recall": 0.75,
      "f1-score": 0.8571428571428571,
      "support": 8.0
    },
    "rust": {
      "precision": 1.0,
      "recall": 1.0,
      "f1-score": 1.0,
      "support": 9.0
    },
    "accuracy": 0.8787878787878788,
    "macro avg": {
      "precision": 0.8875,
      "recall": 0.8875,
      "f1-score": 0.8785714285714286,
      "support": 33.0
    },
    "weighted avg": {
      "precision": 0.8939393939393939,
      "recall": 0.8787878787878788,
      "f1-score": 0.8787878787878788,
      "support": 33.0
    }
  },
  "timestamp": "20250701_101059",
  "model_config": {
    "image_size": 64,
    "input_size": 12288,
    "hidden_size": 256,
    "num_classes": 4,
    "dropout_rate": 0.25,
    "model_size_mb": 168.82716369628906
  }
}