{
  "test_loss": 0.6080580429292061,
  "test_accuracy": 77.46478873239437,
  "classification_report": {
    "Healthy_Soyabean": {
      "precision": 0.6,
      "recall": 0.05660377358490566,
      "f1-score": 0.10344827586206896,
      "support": 53.0
    },
    "Soyabean Semilooper_Pest_Attack": {
      "precision": 0.8777777777777778,
      "recall": 0.9239766081871345,
      "f1-score": 0.9002849002849003,
      "support": 171.0
    },
    "Soyabean_Mosaic": {
      "precision": 0.6120689655172413,
      "recall": 0.9659863945578231,
      "f1-score": 0.7493403693931399,
      "support": 147.0
    },
    "rust": {
      "precision": 0.9072847682119205,
      "recall": 0.6954314720812182,
      "f1-score": 0.7873563218390804,
      "support": 197.0
    },
    "accuracy": 0.7746478873239436,
    "macro avg": {
      "precision": 0.7492828778767349,
      "recall": 0.6604995621027704,
      "f1-score": 0.6351074668447974,
      "support": 568.0
    },
    "weighted avg": {
      "precision": 0.7933261219520824,
      "recall": 0.7746478873239436,
      "f1-score": 0.7477001870994683,
      "support": 568.0
    }
  },
  "timestamp": "20250701_141739",
  "model_config": {
    "image_size": 64,
    "input_size": 12288,
    "hidden_size": 256,
    "num_classes": 4,
    "dropout_rate": 0.25,
    "model_size_mb": 168.82716369628906
  }
}