epoch,train_loss,train_accuracy,val_loss,val_accuracy,epoch_time,cumulative_time,train_loss_improvement,val_loss_improvement,is_best_model
1,1.4089643239974976,48.68421052631579,1.192230463027954,40.0,3.826552391052246,3.826552391052246,0.0,0.0,True
2,0.7173379302024842,67.10526315789474,0.7647039890289307,60.0,3.7737765312194824,7.6003289222717285,0.6916263937950134,0.42752647399902344,True
3,0.6147402465343476,75.0,0.754643440246582,60.0,3.8940577507019043,11.494386672973633,0.1025976836681366,0.010060548782348633,True
4,0.5681716918945312,77.63157894736842,0.6697624921798706,70.0,3.9244377613067627,15.418824434280396,0.04656855463981635,0.08488094806671143,True
5,0.5015208303928376,81.57894736842105,0.5667147040367126,80.0,3.7088119983673096,19.127636432647705,0.06665086150169364,0.10304778814315796,True
