class_name,precision,recall,f1_score,support
Healthy_Soyabean,0.7660785429709732,0.84125,0.8019064641048556,1600
Soyabean Semilooper and Caterpillar_Pest_Attack,0.84375,0.860625,0.8521039603960396,1600
Soyabean_Mosaic,0.6413828689370485,0.776875,0.7026568682871679,1600
Soyabean_Rust,0.8872320596458527,0.595,0.7123082678638234,1600
