epoch,train_loss,train_accuracy,val_loss,val_accuracy,time,learning_rate,min_batch_loss,max_batch_loss,std_batch_loss
1,1.4089643239974976,48.68421052631579,1.192230463027954,40.0,3.826552391052246,0.0001,1.0752636194229126,2.2690865993499756,0.43840152123797904
2,0.7173379302024842,67.10526315789474,0.7647039890289307,60.0,3.7737765312194824,0.0001,0.5398191213607788,0.9237639904022217,0.12773295736253582
3,0.6147402465343476,75.0,0.754643440246582,60.0,3.8940577507019043,0.0001,0.3734435737133026,0.7791346311569214,0.1337871126137006
4,0.5681716918945312,77.63157894736842,0.6697624921798706,70.0,3.9244377613067627,0.0001,0.48451894521713257,0.7431352734565735,0.10109156142894649
5,0.5015208303928376,81.57894736842105,0.5667147040367126,80.0,3.7088119983673096,0.0001,0.37839582562446594,0.5812107920646667,0.07782402216406607
