epoch,train_loss,train_accuracy,val_loss,val_accuracy,time,learning_rate,min_batch_loss,max_batch_loss,std_batch_loss
1,0.7616219621570781,69.298828125,0.6608482494577765,75.875,153.61348462104797,0.0001,0.23326288163661957,1.920323133468628,0.22273415230231955
2,0.6691012682532892,73.548828125,0.6376161981746554,74.71875,139.92386174201965,0.0001,0.22146853804588318,1.700539469718933,0.193294376484421
3,0.6202664790907875,75.19140625,0.5901291195675731,76.546875,149.3252980709076,0.0001,0.15916135907173157,1.4633116722106934,0.19535981096530966
4,0.5959940115129575,75.955078125,0.5643943831883371,77.203125,186.9843258857727,0.0001,0.16509445011615753,1.5071531534194946,0.19380264187404742
5,0.5713563065882772,76.732421875,0.5674426458403468,76.65625,188.34933352470398,0.0001,0.15278570353984833,1.528143286705017,0.18998854718002478
